date,pageviews,users,sessions,engaged_sessions,avg_engagement_sec
2026-09-13,6,6,6,3,9.7
2026-09-14,10,8,9,2,8.2
2026-09-15,3,2,2,2,49.0
2026-09-16,14,6,6,3,32.2
2026-09-17,12,8,8,4,92.4
2026-09-18,13,12,12,6,28.3
2026-09-19,15,14,14,5,8.0
2026-09-20,14,12,14,7,55.2
2026-09-21,8,8,8,8,55.0
2026-09-22,15,14,14,5,10.7
2026-09-23,26,26,27,12,14.1
2026-09-24,18,13,15,10,13.5
2026-09-25,81,23,30,11,61.4
2026-09-26,160,74,84,26,26.4
2026-09-27,49,27,28,12,36.3
2026-09-28,37,20,25,13,37.0
2026-09-29,220,156,162,53,9.9
2026-09-30,67,36,40,17,43.9
2026-10-01,91,71,74,26,21.6
2026-10-02,45,34,41,14,10.7
2026-10-03,25,21,21,11,29.5
2026-10-04,48,46,50,27,37.8
2026-10-05,43,38,41,20,38.7
2026-10-06,36,34,35,18,17.6
2026-10-07,59,47,51,0,22.7
