date,path,pageviews
2026-09-13,/,2
2026-09-13,/journal/006-streetball.html,1
2026-09-13,/journal/018-bs-summit-second-wave.html,1
2026-09-13,/journal/055-rimtown-basketball-school.html,1
2026-09-13,/journal/057-converse-2faced.html,1
2026-09-14,/,1
2026-09-14,/journal/,1
2026-09-14,/journal/070-beril-yokohama-excellence.html,3
2026-09-14,/journal/097-76ers-flyers-new-arena.html,1
2026-09-14,/journal/112-cavaliers-2026-27-preview.html,1
2026-09-14,/journal/114-jordan-tatum-5.html,1
2026-09-14,/journal/141-japan-korea-asian-games.html,2
2026-09-15,/,2
2026-09-15,/journal/111-nba-2026-27-tier-preview.html,1
2026-09-16,/,4
2026-09-16,/journal/,4
2026-09-16,/journal/043-payrollcup-4th-wheelchair.html,2
2026-09-16,/journal/167-number-plus-bleague-guidebook.html,1
2026-09-16,/journal/index.html,1
2026-09-16,/privacy.html,2
2026-09-17,/,1
2026-09-17,/journal/,1
2026-09-17,/journal/043-payrollcup-4th-wheelchair.html,2
2026-09-17,/journal/125-pacers-2026-27-preview.html,1
2026-09-17,/journal/166-konchar-knicks-one-year-deal.html,2
2026-09-17,/journal/168-kobe-8-protro-mambacurial.html,1
2026-09-17,/journal/173-wiseman-knicks-exhibit9.html,2
2026-09-17,/journal/index.html,2
2026-09-18,/,2
2026-09-18,/journal/,1
2026-09-18,/journal/043-payrollcup-4th-wheelchair.html,1
2026-09-18,/journal/095-bulls-2026-27-season-preview.html,1
2026-09-18,/journal/139-ua-fox-3.html,1
2026-09-18,/journal/146-payroll-cup-wheelchair-basketball.html,2
2026-09-18,/journal/156-adidas-superstar-cold-blooded.html,1
2026-09-18,/journal/186-michael-sweetney-dies.html,4
2026-09-19,/,2
2026-09-19,/journal/,3
2026-09-19,/journal/143-nba-2026-27-how-to-watch-japan.html,1
2026-09-19,/journal/146-payroll-cup-wheelchair-basketball.html,1
2026-09-19,/journal/147-patty-mills-profile.html,1
2026-09-19,/journal/162-air-jordan-1-low-halloween.html,1
2026-09-19,/journal/179-kobe-3-protro-black-white.html,1
2026-09-19,/journal/199-jazz-keyonte-george-extension.html,2
2026-09-19,/journal/203-ausar-thompson-pistons-extension.html,3
2026-09-20,/,3
2026-09-20,/journal/043-payrollcup-4th-wheelchair.html,2
2026-09-20,/journal/143-nba-2026-27-how-to-watch-japan.html,4
2026-09-20,/journal/146-payroll-cup-wheelchair-basketball.html,1
2026-09-20,/journal/179-kobe-3-protro-black-white.html,1
2026-09-20,/journal/195-yachiyo-flags-parachallenge-3x3.html,1
2026-09-20,/journal/199-jazz-keyonte-george-extension.html,1
2026-09-20,/journal/index.html,1
2026-09-21,/journal/043-payrollcup-4th-wheelchair.html,1
2026-09-21,/journal/143-nba-2026-27-how-to-watch-japan.html,1
2026-09-21,/journal/146-payroll-cup-wheelchair-basketball.html,2
2026-09-21,/journal/151-bleague-premier-guide.html,1
2026-09-21,/journal/152-nba-cup-guide.html,1
2026-09-21,/journal/165-celtics-offseason-tatum-return.html,1
2026-09-21,/journal/208-nike-kobe-8-protro-shanghai-fireworks.html,1
2026-09-22,/,2
2026-09-22,/journal/,2
2026-09-22,/journal/085-nike-sabrina-4-the-switch.html,2
2026-09-22,/journal/143-nba-2026-27-how-to-watch-japan.html,3
2026-09-22,/journal/145-jordan-tatum-signature-series.html,1
2026-09-22,/journal/180-garmin-yokohama-bcorsairs-partnership.html,1
2026-09-22,/journal/184-japan-women-hkg-asian-games.html,1
2026-09-22,/journal/188-onecareer-alvark-partnership.html,1
2026-09-22,/journal/214-nike-ja-4-phantom.html,2
2026-09-23,/journal/109-tokyo-z-avantgardey.html,1
2026-09-23,/journal/143-nba-2026-27-how-to-watch-japan.html,1
2026-09-23,/journal/145-jordan-tatum-signature-series.html,1
2026-09-23,/journal/148-rucker-park-new-york-guide.html,1
2026-09-23,/journal/214-nike-ja-4-phantom.html,7
2026-09-23,/journal/220-espn-nba-rank-2026.html,1
2026-09-23,/journal/223-kawhi-leonard-raptors-extension-signed.html,5
2026-09-23,/journal/224-hawks-buddy-hield-hornets-trade.html,8
2026-09-23,/journal/225-rockets-vanvleet-return-preview.html,1
2026-09-24,/index.html,1
2026-09-24,/journal/155-kobe-3-protro-orca.html,1
2026-09-24,/journal/209-nike-air-force-1-low-nyc-rat.html,1
2026-09-24,/journal/214-nike-ja-4-phantom.html,7
2026-09-24,/journal/222-nike-lebron-witness-10.html,4
2026-09-24,/journal/223-kawhi-leonard-raptors-extension-signed.html,1
2026-09-24,/journal/index.html,1
2026-09-24,/media/starting5ive.html,2
2026-09-25,/,7
2026-09-25,/index.html,19
2026-09-25,/journal/,3
2026-09-25,/journal/001-banned-aj1.html,1
2026-09-25,/journal/008-osakabe-donation-2026.html,3
2026-09-25,/journal/186-michael-sweetney-dies.html,1
2026-09-25,/journal/194-knicks-2026-27-season-preview.html,1
2026-09-25,/journal/207-japan-korea-asian-games-final.html,1
2026-09-25,/journal/209-nike-air-force-1-low-nyc-rat.html,1
2026-09-25,/journal/214-nike-ja-4-phantom.html,7
2026-09-25,/journal/220-espn-nba-rank-2026.html,1
2026-09-25,/journal/222-nike-lebron-witness-10.html,1
2026-09-25,/journal/240-japan-women-thailand-asian-games-qf.html,5
2026-09-25,/journal/252-be5ive-camp-2026-report.html,2
2026-09-25,/journal/index.html,8
2026-09-25,/journal/japan/,1
2026-09-25,/journal/japan/240-japan-women-thailand-asian-games-qf.html,1
2026-09-25,/journal/projects/,1
2026-09-25,/media/chris-basketball-diary.html,1
2026-09-25,/media/postup.html,4
2026-09-25,/media/starting5ive.html,12
2026-09-26,/,2
2026-09-26,/index.html,35
2026-09-26,/journal/,4
2026-09-26,/journal/037-haruyoshi-yanagigaura.html,2
2026-09-26,/journal/043-payrollcup-4th-wheelchair.html,3
2026-09-26,/journal/110-anta-kai-3-alchemist.html,1
2026-09-26,/journal/201-cam-whitmore-nuggets-two-way.html,1
2026-09-26,/journal/209-nike-air-force-1-low-nyc-rat.html,1
2026-09-26,/journal/214-nike-ja-4-phantom.html,7
2026-09-26,/journal/219-japan-women-philippines-asian-games.html,1
2026-09-26,/journal/222-nike-lebron-witness-10.html,2
2026-09-26,/journal/223-kawhi-leonard-raptors-extension-signed.html,2
2026-09-26,/journal/230-curry-contract-no-drama.html,4
2026-09-26,/journal/240-japan-women-thailand-asian-games-qf.html,1
2026-09-26,/journal/251-tryhoop-okayama-kimochiru-mvp.html,2
2026-09-26,/journal/257-grizzlies-waive-dangelo-russell.html,48
2026-09-26,/journal/260-kyrie-irving-acl-recovery-no-restrictions.html,1
2026-09-26,/journal/261-warriors-curry-extension.html,1
2026-09-26,/journal/index.html,4
2026-09-26,/media/chris-basketball-diary.html,6
2026-09-26,/media/postup.html,9
2026-09-26,/media/starting5ive.html,23
2026-09-27,/,2
2026-09-27,/index.html,9
2026-09-27,/journal/043-payrollcup-4th-wheelchair.html,1
2026-09-27,/journal/101-nike-book-2-halloween.html,1
2026-09-27,/journal/126-adidas-anthony-edwards-3-snow-camo.html,1
2026-09-27,/journal/151-bleague-premier-guide.html,1
2026-09-27,/journal/214-nike-ja-4-phantom.html,3
2026-09-27,/journal/224-hawks-buddy-hield-hornets-trade.html,2
2026-09-27,/journal/228-nike-twelve-time-halloween.html,1
2026-09-27,/journal/240-japan-women-thailand-asian-games-qf.html,1
2026-09-27,/journal/257-grizzlies-waive-dangelo-russell.html,9
2026-09-27,/journal/265-bulls-trade-dillingham-hield-hornets.html,8
2026-09-27,/media/chris-basketball-diary.html,2
2026-09-27,/media/postup.html,1
2026-09-27,/media/starting5ive.html,7
