date,channel,sessions
2026-09-13,Direct,3
2026-09-13,Organic Search,3
2026-09-14,Direct,3
2026-09-14,Organic Search,5
2026-09-14,Organic Social,1
2026-09-15,Direct,1
2026-09-15,Organic Search,1
2026-09-16,Organic Search,3
2026-09-16,Organic Social,3
2026-09-17,AI Assistant,1
2026-09-17,Direct,1
2026-09-17,Organic Search,6
2026-09-18,AI Assistant,1
2026-09-18,Direct,2
2026-09-18,Organic Search,9
2026-09-19,Direct,1
2026-09-19,Organic Search,6
2026-09-19,Organic Social,4
2026-09-19,Referral,3
2026-09-20,Direct,1
2026-09-20,Organic Search,12
2026-09-20,Referral,1
2026-09-21,Organic Search,8
2026-09-22,Direct,3
2026-09-22,Organic Search,9
2026-09-22,Organic Social,2
2026-09-23,Direct,1
2026-09-23,Organic Search,13
2026-09-23,Organic Social,2
2026-09-23,Referral,11
2026-09-24,Organic Search,14
2026-09-24,Referral,1
2026-09-25,Direct,7
2026-09-25,Organic Search,19
2026-09-25,Organic Social,2
2026-09-25,Referral,1
2026-09-25,Unassigned,1
2026-09-26,Direct,4
2026-09-26,Organic Search,29
2026-09-26,Organic Social,5
2026-09-26,Referral,44
2026-09-26,Unassigned,2
2026-09-27,Direct,2
2026-09-27,Organic Search,10
2026-09-27,Organic Social,1
2026-09-27,Referral,14
2026-09-27,Unassigned,1
2026-09-28,Direct,5
2026-09-28,Organic Search,18
2026-09-28,Referral,2
2026-09-29,Direct,5
2026-09-29,Organic Search,24
2026-09-29,Organic Social,9
2026-09-29,Referral,123
2026-09-29,Unassigned,1
2026-09-30,Direct,8
2026-09-30,Organic Search,17
2026-09-30,Organic Social,3
2026-09-30,Referral,12
2026-10-01,AI Assistant,1
2026-10-01,Direct,6
2026-10-01,Organic Search,15
2026-10-01,Organic Social,3
2026-10-01,Referral,49
2026-10-02,Direct,5
2026-10-02,Organic Search,17
2026-10-02,Referral,18
2026-10-02,Unassigned,1
2026-10-03,Direct,6
2026-10-03,Organic Search,11
2026-10-03,Referral,4
2026-10-04,Direct,5
2026-10-04,Organic Search,42
2026-10-04,Organic Social,1
2026-10-04,Referral,2
2026-10-05,Direct,3
2026-10-05,Organic Search,35
2026-10-05,Organic Social,2
2026-10-05,Referral,1
2026-10-06,Direct,2
2026-10-06,Organic Search,27
2026-10-06,Organic Social,2
2026-10-06,Referral,4
2026-10-07,Cross-network,32
2026-10-07,Direct,6
2026-10-07,Organic Search,11
2026-10-07,Organic Social,2
2026-10-07,Unassigned,17
