query,clicks,impressions,ctr,position
レブロン24 発売日,7,38,0.1842,4.5
lebron24,6,27,0.2222,4.1
レブロン24,4,72,0.0556,10.5
lebron 24,3,23,0.1304,6
starting 5ive,3,6,0.5,5.8
海部の三兄弟,3,29,0.1034,4.3
nike レブロン24,2,6,0.3333,4.8
starting5ive,2,4,0.5,4.8
カリー 契約,2,12,0.1667,8.8
ペイロールカップ,2,74,0.027,8.7
"anta kai 3 ""alchemist""",1,6,0.1667,4.2
iq5494-001,1,5,0.2,5.6
iv4884-200,1,9,0.1111,8.2
ja4 phantom,1,4,0.25,6.2
ja4 新色,1,19,0.0526,5.5
kobe a.d protro,1,1,1,9
nike ja 4 phantom,1,2,0.5,2.5
nike lebron 24,1,12,0.0833,4.5
nike lebron witness 10,1,5,0.2,6.4
sabrina 4 the switch,1,1,1,3
tatum5,1,2,0.5,6
クリスのバスケ日記,1,165,0.0061,7.8
ジミーバトラー 復帰時期,1,2,0.5,4
テイタム５,1,6,0.1667,10
ブック2 ハロウィン,1,3,0.3333,4.3
ブロニー・ジェームズ,1,800,0.0013,11.3
マイケル スウィート ニー,1,2,0.5,4
マイケルスウィートニー,1,2,0.5,3.5
ラッカーパーク,1,26,0.0385,8.4
レブロン24発売日,1,3,0.3333,3.3
ロケッツ,1,1,1,12
都築政憲,1,2,0.5,19
2faced le low,0,3,0,18.7
2faced low,0,4,0,12.8
361° 契約選手,0,5,0,9
4028 jordan,0,1,0,2
76ers,0,2,0,5
abemaでdazn bリーグ,0,3,0,39.3
air force 1 rat,0,1,0,1
air jordan 1 garden,0,1,0,12
air jordan 1 last dance,0,1,0,9
air jordan 1 low element gtx “cream”,0,1,0,7
air jordan 1 royal 2026,0,2,0,16.5
air jordan 12 retro idols become rivals,0,1,0,11
air jordan 4 amazonas,0,2,0,3
air jordan 40 28,0,1,0,2
air jordan 4028,0,2,0,3.5
air jordan garden,0,1,0,17
air jordan low last dance,0,2,0,8
aj4 amazonas,0,1,0,4
amazonas jordan,0,1,0,3
basketball zine,0,1,0,22
blue lagoon kobe 10,0,1,0,7
book2 ハロウィン,0,9,0,3.7
bリーグ カワラボ,0,1,0,15
bリーグ プレミア,0,1,0,88
bリーグ プレミアとは,0,3,0,8.3
bリーグプレミアとは,0,3,0,10
clippers gm,0,1,0,2
converse 2faced,0,2,0,29
dennis smith jr,0,1,0,7
embiid,0,1,0,13
espn top 100 players,0,1,0,3
f nba,0,12,0,4.8
fe名古屋 対 越谷 チケット,0,1,0,58
https//www.espn.com/nba/story/_/id/49854792/milwaukee-bucks-offseason-recap-2026-27-season-preview-stats-roster-depth-chart,0,28,0,4.3
hv5953-200,0,1,0,6
im4135-100,0,2,0,1.5
io8233-800,0,17,0,4.2
iq5708-001,0,1,0,56
ir0088-001,0,1,0,50
ir2084-001,0,2,0,31.5
ir5099-400,0,1,0,15
iw2872-700,0,6,0,6.8
ix7058-001,0,2,0,15.5
iz1207-010,0,1,0,29
j balvin amazonas,0,2,0,3
j balvin lemonade,0,1,0,5
j バルヴィン ジョーダン 4,0,10,0,7.1
ja4 ファントム,0,16,0,6.9
ja4 白,0,11,0,10.5
ja5714-900,0,4,0,7.5
ja5911-320,0,1,0,10
jordan 1 last dance,0,1,0,10
jordan 11 space jam,0,1,0,7
jordan 12 idols become rivals,0,2,0,6
jordan 4 amazonas,0,3,0,5.7
jordan 40 28,0,1,0,2
jordan low last dance,0,3,0,10.3
jordan space jam,0,2,0,9
kobe 10 protro blue lagoon,0,1,0,5
kobe 3 low protro orca,0,1,0,15
kobe 3 protro black and white,0,5,0,5.2
kobe a.d. protro,0,2,0,11
kobe ad protro,0,8,0,6
lebron 24 chosen 1,0,2,0,9.5
lebron 24 stars,0,1,0,9
lebron 24 white,0,1,0,8
lebron 24s,0,1,0,5
lebron gm,0,1,0,6
