日付,PV（GA4）,ユーザー（GA4）,セッション（GA4）,検索表示回数（GSC）,検索クリック（GSC）,検索CTR%,平均掲載順位,PV 7日平均,表示回数 7日平均,クリック 7日平均,備考
2026-08-18,,,,1,1,100.0,1.0,,1.0,1.0,
2026-08-19,,,,3,1,33.3,3.3,,2.0,1.0,
2026-08-20,,,,13,0,0.0,4.3,,5.7,0.7,
2026-08-21,,,,8,0,0.0,7.4,,6.2,0.5,
2026-08-22,,,,7,0,0.0,20.7,,6.4,0.4,
2026-08-23,,,,5,0,0.0,11.4,,6.2,0.3,
2026-08-24,,,,2,0,0.0,51.0,,5.6,0.3,
2026-08-25,,,,3,0,0.0,19.3,,5.9,0.1,
2026-08-26,,,,9,1,11.1,6.1,,6.7,0.1,
2026-08-27,,,,24,1,4.2,6.2,,8.3,0.3,
2026-08-28,,,,47,2,4.3,7.2,,13.9,0.6,
2026-08-29,,,,23,1,4.3,9.3,,16.1,0.7,
2026-08-30,,,,12,0,0.0,7.3,,17.1,0.7,
2026-08-31,,,,20,0,0.0,10.2,,19.7,0.7,
2026-09-01,,,,32,1,3.1,7.8,,23.9,0.9,
2026-09-02,,,,20,2,10.0,9.8,,25.4,1.0,
2026-09-03,,,,34,2,5.9,8.7,,26.9,1.1,
2026-09-04,,,,54,4,7.4,8.6,,27.9,1.4,
2026-09-05,,,,40,4,10.0,8.6,,30.3,1.9,
2026-09-06,,,,52,2,3.9,10.1,,36.0,2.1,
2026-09-07,,,,97,2,2.1,7.7,,47.0,2.4,
2026-09-08,,,,75,3,4.0,8.5,,53.1,2.7,
2026-09-09,,,,92,7,7.6,9.6,,63.4,3.4,
2026-09-10,,,,77,8,10.4,7.8,,69.6,4.3,
2026-09-11,,,,97,5,5.1,8.2,,75.7,4.4,
2026-09-12,,,,80,1,1.2,8.1,,81.4,4.0,
2026-09-13,6,6,6,70,4,5.7,10.4,6.0,84.0,4.3,
2026-09-14,10,8,9,128,1,0.8,8.8,8.0,88.4,4.1,
2026-09-15,3,2,2,59,1,1.7,8.4,6.3,86.1,3.9,
2026-09-16,14,6,6,70,4,5.7,8.8,8.2,83.0,3.4,
2026-09-17,12,8,8,127,3,2.4,7.6,9.0,90.1,2.7,
2026-09-18,13,12,12,144,7,4.9,10.6,9.7,96.9,3.0,
2026-09-19,15,14,14,133,3,2.3,9.7,10.4,104.4,3.3,
2026-09-20,14,12,14,222,10,4.5,8.2,11.6,126.1,4.1,
2026-09-21,8,8,8,163,8,4.9,7.9,11.3,131.1,5.1,
2026-09-22,15,14,14,168,9,5.4,8.1,13.0,146.7,6.3,
2026-09-23,26,26,27,225,7,3.1,7.8,14.7,168.9,6.7,
2026-09-24,18,13,15,184,8,4.3,6.9,15.6,177.0,7.4,
2026-09-25,81,23,30,299,14,4.7,7.0,25.3,199.1,8.4,
2026-09-26,160,74,84,175,8,4.6,7.0,46.0,205.1,9.1,
2026-09-27,49,27,28,206,5,2.4,6.6,51.0,202.9,8.4,
2026-09-28,37,20,25,172,8,4.7,6.3,55.1,204.1,8.4,
2026-09-29,220,156,162,290,13,4.5,6.3,84.4,221.6,9.0,
2026-09-30,67,36,40,450,8,1.8,8.5,90.3,253.7,9.1,
2026-10-01,91,71,74,440,9,2.1,8.1,100.7,290.3,9.3,
2026-10-02,45,34,41,346,11,3.2,8.1,95.6,297.0,8.9,
2026-10-03,25,21,21,459,19,4.1,8.0,76.3,337.6,10.4,
2026-10-04,48,46,50,621,34,5.5,7.3,76.1,396.9,14.6,
2026-10-05,43,38,41,742,14,1.9,9.3,77.0,478.3,15.4,
2026-10-06,36,34,35,712,36,5.1,8.6,50.7,538.6,18.7,
2026-10-07,59,49,53,658,30,4.6,8.0,49.6,568.3,21.9,検索は暫定（2〜3日で確定）
2026-10-08,56,36,40,155,7,4.5,8.1,44.6,527.6,21.6,検索は暫定（2〜3日で確定）
2026-10-09,27,21,24,0,0,0,,42.0,478.1,20.0,検索は暫定（2〜3日で確定）
