パス,タイトル,PV,ユーザー数
/journal/280-clippers-ingram-partial-achilles-tear.html,クリッパーズ、イングラムのアキレス腱部分断裂を発表 —— かかとの手術後に判明、開幕に間に合わず | 610バスケットボールジャーナル,102,93
/index.html,610 — sixten（シックステン）｜バスケットボール × カルチャーのメディアエージェンシー,73,8
/journal/257-grizzlies-waive-dangelo-russell.html,グリズリーズ、ラッセルをウェイバー —— ロースター整理の一環、開幕前の新天地探しが可能に | 610バスケットボールジャーナル,58,55
/,610 — sixten（シックステン）｜バスケットボール × カルチャーのメディアエージェンシー,51,25
/work/nihon-tengus/,NIHON TENGUS | 日本テングス オフィシャルサイト,50,10
/journal/329-ryan-nembhard-nuggets-two-way.html,ナゲッツ、ライアン・ネムハードとツーウェイ契約で合意 —— ホーネッツ移籍から1週間余りで新天地へ | 610バスケットボールジャーナル,49,45
/journal/214-nike-ja-4-phantom.html,Nike Ja 4「Phantom」が10月発売 —— ジャ・モラント4代目シグネチャー、白ベースの新色 | 610バスケットボールジャーナル,44,22
/media/starting5ive.html,STARTING 5IVE｜5人のNBAクリエイターのバスケ雑談チャンネル | 610 — sixten,41,4
/journal/index.html,610バスケットボールジャーナル（610 JOURNAL）｜NBA・Bリーグ・バスケのニュースと読みもの,33,14
/journal/,610バスケットボールジャーナル（610 JOURNAL）｜NBA・Bリーグ・バスケのニュースと読みもの,26,21
/media/chris-basketball-diary.html,クリスのバスケ日記｜NBA・バスケの動画メディア | 610 — sixten,17,6
/media/starting5ive.html,STARTING 5IVE（スターティングファイブ）｜5人のNBAクリエイターのバスケ雑談チャンネル | 610 — sixten,16,5
/journal/043-payrollcup-4th-wheelchair.html,車いすバスケ「ペイロールカップ」第4回、9月26日・27日に札幌開催 —— 札幌ノースウィンドなど6チームが参加 | 610バスケットボールジャーナル,15,14
/journal/143-nba-2026-27-how-to-watch-japan.html,NBA 2026-27シーズンを日本で見る方法 —— 開幕日、Prime Video・NBA docomo・WOWOWの配信範囲と料金、八村塁・河村勇輝の注目点 | 610バスケットボールジャーナル,15,15
/media/postup.html,POST UP PODCAST｜バスケにルーツを持つ人たちのトーク番組 | 610 — sixten,14,3
/journal/265-bulls-trade-dillingham-hield-hornets.html,ブルズ、ディリンガムをホーネッツへトレード —— バディ・ヒールドと交換、獲得1週間足らずでの再放出に | 610バスケットボールジャーナル,12,10
/journal/224-hawks-buddy-hield-hornets-trade.html,ホークスがバディ・ヒールドをホーネッツへトレード、フィニー＝スミスと交換で合意 —— ライアン・ネムハードと現金も動く | 610バスケットボールジャーナル,10,10
/journal/286-doncic-lakers-lebron-exit.html,ドンチッチ「レブロンとのプレーは最高だった」—— レイカーズ新体制、優勝こそが目標と明言 | 610バスケットボールジャーナル,10,10
/journal/222-nike-lebron-witness-10.html,ナイキ「LeBron Witness 10」がこのホリデーシーズンに発売 —— レブロン・ジェームズのシグネチャーライン第10弾 | 610バスケットボールジャーナル,9,9
/journal/340-nurse-lebron-offense-creator.html,ナース「レブロンは稀代のテーブルセッター」—— 76ers、キャンプ3日目でオフェンスの役割分担が明確に | 610バスケットボールジャーナル,9,3
/journal/146-payroll-cup-wheelchair-basketball.html,ペイロールカップとは —— 北海道の車いすバスケットボール大会、第1回から第4回までの開催地・参加チームまとめ | 610バスケットボールジャーナル,8,8
/journal/223-kawhi-leonard-raptors-extension-signed.html,カワイ・レナード、ラプターズと2年1億1500万ドルの契約延長に合意 —— 総額3年1億6500万ドル、2028-29シーズンはプレーヤーオプション | 610バスケットボールジャーナル,8,7
/journal/336-jamal-shead-raptors-extension.html,ラプターズ、ジャマール・シードと3年2400万ドルの契約延長で合意 —— 控えからベンチ最多アシストの司令塔へ | 610バスケットボールジャーナル,8,7
/journal/240-japan-women-thailand-asian-games-qf.html,女子日本代表、アジア大会準々決勝でタイに86-29の大勝 —— 57点差で準決勝進出、28年ぶり金メダルへ | 610バスケットボールジャーナル,7,6
/journal/321-nba-push-off-officiating.html,NBA、プッシュオフ厳格化へ新指針「4つのF」—— ジョーダンの伝説のシュートも新基準では反則にならず | 610バスケットボールジャーナル,7,6
/journal/008-osakabe-donation-2026.html,恩師のもとへ、ふたたび —— 小酒部泰暉と、クリスのバスケ日記、2回目の40球を寄贈 | 610バスケットボールジャーナル,6,6
/journal/285-mitchell-harden-cavaliers-media-day.html,ミッチェル「レブロンは戻ってきてもおかしくなかった」—— キャバリアーズのメディアデー、ハーデンも延長契約への思い語る | 610バスケットボールジャーナル,6,5
/journal/291-curry-home-warriors-extension-injuries.html,カリー「これがホームだ」—— 延長契約後初の公の場で心境語る、バトラー・ムーディーも数カ月級の離脱に | 610バスケットボールジャーナル,6,6
/journal/186-michael-sweetney-dies.html,元NBA選手マイケル・スウィートニー氏が43歳で死去 —— ジョージタウン大出身、2003年ドラフト全体9位でニックス入り | 610バスケットボールジャーナル,5,5
/journal/289-ben-simmons-kings-media-day.html,ベン・シモンズ「期待が低いのは自分にも重なる」—— キングスのメディアデーで復帰へ意気込み | 610バスケットボールジャーナル,5,5
/journal/332-air-jordan-4-amazonas-j-balvin.html,J Balvin x Air Jordan 4「Amazonas」10月2日発売 —— コロンビアの生物多様性を纏った新色、英西2カ国語の「Just Do It」 | 610バスケットボールジャーナル,5,5
/journal/095-bulls-2026-27-season-preview.html,新人ウィルソンが新たな顔に —— ESPN、シカゴ・ブルズの2026-27シーズンを展望 | 610バスケットボールジャーナル,4,4
/journal/230-curry-contract-no-drama.html,カリー、契約延長交渉に「ドラマは作りたくない」—— 最大2年1億3670万ドル、ウォリアーズと選択肢を協議中 | 610バスケットボールジャーナル,4,4
/journal/269-kobe-10-protro-blue-lagoon.html,Kobe 10 Protro「Blue Lagoon」が復活 —— 2015年発売時のカラーを再現、フルレングスZoomとカーボンウィング搭載 | 610バスケットボールジャーナル,4,4
/journal/288-thunder-sga-roster-reaction.html,ギルジャス＝アレクサンダー「まだ来ると思ってた」—— サンダー、放出した3人の不在にチーム写真で実感 | 610バスケットボールジャーナル,4,4
/journal/290-clippers-apologize-fans-leonard-investigation.html,クリッパーズ、メディアデーで謝罪 —— 「信頼を取り戻したい」暫定バスケットボール運営責任者レデン、再建シーズンへ | 610バスケットボールジャーナル,4,4
/journal/projects/,PROJECTS —— コートの外で、僕らがつくってきたもの | 610バスケットボールジャーナル,4,4
/journal/037-haruyoshi-yanagigaura.html,柳ヶ浦高校男子バスケ部、U18日清食品トップリーグ初出場で鳥取城北に67-57 —— 陽吉グループがスポンサーに就任 | 610バスケットボールジャーナル,3,3
/journal/070-beril-yokohama-excellence.html,ライバー事務所Beril、横浜エクセレンスとオフィシャルスポンサー契約 —— 2026-27シーズンから冠試合開催 | 610バスケットボールジャーナル,3,2
/journal/199-jazz-keyonte-george-extension.html,ジャズ、キーオンテ・ジョージと5年1億5750万ドルの契約延長に合意 —— 昨季キャリアハイの23.6得点、次代の司令塔へ | 610バスケットボールジャーナル,3,3
/journal/203-ausar-thompson-pistons-extension.html,ピストンズ、アウサー・トンプソンと5年1億5500万ドルの契約延長に合意 —— 双子アメンに続きNBA史上初の「兄弟そろって1億ドル超え」 | 610バスケットボールジャーナル,3,3
/journal/209-nike-air-force-1-low-nyc-rat.html,ダークグレーレザーに茶色のフェイクファー —— Nike Air Force 1 Low「NYC Rat」が10月23日発売 | 610バスケットボールジャーナル,3,3
/journal/260-kyrie-irving-acl-recovery-no-restrictions.html,カイリー・アービング、ACL断裂から19カ月ぶりに完全復帰 —— マーベリックス公式メディアデーで「制限は一切ない」と明言 | 610バスケットボールジャーナル,3,3
/journal/271-kawhi-leonard-focused-raptors.html,カワイ・レナード、ラプターズのメディアデーで捜査に終止符 —— 「前を向いてラプターズの話だけしたい」 | 610バスケットボールジャーナル,3,3
/journal/273-towns-knicks-extension-media-day.html,タウンズ、ニックスとの契約延長「ここでプレーしたい」—— 開幕前合意は困難な情勢、資格は4年2億7600万ドル超 | 610バスケットボールジャーナル,3,3
/journal/274-haliburton-no-restrictions-achilles-return.html,ハリバートン、アキレス腱断裂から完全復帰へ「制限は一切ない、俺が情報源だ」 | 610バスケットボールジャーナル,3,3
/journal/276-giannis-heat-media-day-best-player.html,ヤニス「世界最高の選手の1人だと信じている」—— ヒートのメディアデーで初登場、目標は「優勝」 | 610バスケットボールジャーナル,3,3
/journal/279-wembanyama-finals-motivation-spurs.html,ウェンバンヤマ「これ以上の原動力は想像できない」—— ファイナル敗退を糧に、ハーパーも「どの役割でも喜んで」 | 610バスケットボールジャーナル,3,3
/journal/282-nba-media-day-2026-quotes-roundup.html,NBAメディアデー2026 発言まとめ —— レブロン、ヤニス、タウンズ、ヨキッチ、カワイ…開幕前に各チームで何が語られたか | 610バスケットボールジャーナル,3,2
/journal/294-hornets-waive-dillingham.html,ホーネッツ、獲得2日でディリングハムを解雇 —— 元8位指名、トレード直後の再放出に | 610バスケットボールジャーナル,3,2
/journal/309-air-jordan-4-j-balvin-amazonas.html,J Balvin x Air Jordan 4「Amazonas」発表 —— コロンビアの生物多様性を色彩で表現、2言語ロゴも | 610バスケットボールジャーナル,3,3
/journal/310-ss-andteras-partnership.html,SS、アンドテラスとトップパートナー契約 —— 3x3の関口サムエル、2028年ロス五輪目指し名古屋の不動産会社と提携 | 610バスケットボールジャーナル,3,1
/journal/320-sga-mvp-threepeat.html,ギルジャス＝アレクサンダー「MVPの決定なんて82試合先の話」—— 史上初の3連覇へ、冷静に開幕を待つ | 610バスケットボールジャーナル,3,3
/journal/kicks/,バッシュ・スニーカーのニュース・記事一覧 | 610バスケットボールジャーナル,3,3
/journal/085-nike-sabrina-4-the-switch.html,サブリナ・イオネスクの4代目シグネチャー —— Nike Sabrina 4「The Switch」本日発売 | 610バスケットボールジャーナル,2,2
/journal/097-76ers-flyers-new-arena.html,スペクトラム跡地に新アリーナ —— 76ers・フライヤーズ、2030年開業へ始動 | 610バスケットボールジャーナル,2,2
/journal/141-japan-korea-asian-games.html,男子日本代表、アジア大会で韓国に83-100で敗戦 —— 黒川虎徹が21得点、グループ2位で決勝Tへ | 610バスケットボールジャーナル,2,1
/journal/145-jordan-tatum-signature-series.html,ジョーダン「テイタム」シリーズ全モデルまとめ —— テイタム1〜テイタム5の発売日・価格・特徴 | 610バスケットボールジャーナル,2,2
/journal/151-bleague-premier-guide.html,B.LEAGUE PREMIER（Bプレミア）とは —— 仕組み・開幕日・参加26クラブ一覧・参入基準・B1との違いまとめ | 610バスケットボールジャーナル,2,2
/journal/166-konchar-knicks-one-year-deal.html,ジョン・コンチャー、ニックスと1年契約に合意 —— フリーエージェントからNBA8年目のシーズンへ | 610バスケットボールジャーナル,2,2
/journal/173-wiseman-knicks-exhibit9.html,元全体2位指名、ジェームズ・ワイズマン —— ニックスとエキシビット9契約に合意 | 610バスケットボールジャーナル,2,1
/journal/179-kobe-3-protro-black-white.html,Nike Kobe 3 Protro「Black & White」が復刻 —— シャチ着想の2008年モデルをステルスカラーで再現 | 610バスケットボールジャーナル,2,2
/journal/188-onecareer-alvark-partnership.html,ワンキャリア、アルバルク東京と2026-27シーズンのプラチナパートナー契約を締結 —— 体育会学生の就活支援イベントが縁に | 610バスケットボールジャーナル,2,2
/journal/220-espn-nba-rank-2026.html,ルーキー4人が早くもトップ100入り —— ESPN「NBA Rank 2026」が始動、100～51位を発表 | 610バスケットボールジャーナル,2,2
/journal/226-clippers-redden-interim-president.html,クリッパーズ、トレント・レデンGMを暫定バスケットボール運営責任者に —— フランク氏の停職期間、ヒューズ氏がGM代行 | 610バスケットボールジャーナル,2,2
/journal/228-nike-twelve-time-halloween.html,Nike Twelve Time「Halloween」が2026年秋冬発売 —— ジャ・モラントのシグネチャーに不気味な新色、品番IM4164-002 | 610バスケットボールジャーナル,2,2
/journal/241-aisaac-shinshu-brave-warriors.html,アイザック、信州ブレイブウォリアーズとオフィシャルテックパートナー契約を締結 —— B.LEAGUE PREMIER参入へクラブ運営のDXを支援 | 610バスケットボールジャーナル,2,2
/journal/245-thunder-presti-preseason-presser.html,主力3人放出で年俸3億ドル超を圧縮 —— サンダーGMプレスティ、プレシーズン会見で「更なる高み」への自信と「セカンドエプロン」観を語る | 610バスケットボールジャーナル,2,1
/journal/251-tryhoop-okayama-kimochiru-mvp.html,トライフープ岡山、ファン投票MVP企画に「Kimochiru」導入 —— B.LEAGUE初、9月25日ホーム開幕戦から応援チップも | 610バスケットボールジャーナル,2,2
/journal/252-be5ive-camp-2026-report.html,Everything is a read —— FaFa Luと中高生68名、判断力を鍛えた2日間「Be 5IVE CAMP」開催レポート | 610バスケットボールジャーナル,2,2
/journal/275-lebron-76ers-media-day-can-do-everything.html,レブロン「文字通り、何でもできる」—— 76ersでキャリア24年目へ、エンビードも「正しい組み合わせ」 | 610バスケットボールジャーナル,2,2
/journal/277-jokic-sign-next-year-nuggets.html,ヨキッチ「来年サインするよ。向こうが望むなら」—— ナゲッツ首脳も「懸念はない」と信頼強調 | 610バスケットボールジャーナル,2,2
/journal/278-curry-knee-ready-kerr-lendeborg.html,カリー「膝の調子は最高、問題なし」—— ウォリアーズのメディアデー、カーHCは新人レンデボーグを「たくさん起用する」 | 610バスケットボールジャーナル,2,2
/journal/295-76ers-sacrifice-media-day.html,レブロン「犠牲は前向きなことだ」—— 76ers新布陣、メディアデー前から4人で自主合流 | 610バスケットボールジャーナル,2,2
/journal/308-bronny-james-own-path.html,ブロニー・ジェームズ「彼には彼の道、僕には僕の道がある」—— レブロンの76ers移籍後、レイカーズで自分を証明する道へ | 610バスケットボールジャーナル,2,2
/journal/315-embiid-full-participant-sixers-practice.html,ページが見つかりません | 610 — sixten,2,2
/journal/316-brandon-ingram-achilles-clippers.html,クリッパーズのインガム、アキレス腱部分断裂 —— 2026-27シーズン開幕に間に合わず | 610バスケットボールジャーナル,2,2
/journal/317-kessler-lakers-defense.html,ページが見つかりません | 610 — sixten,2,2
/journal/319-kawhi-leonard-raptors-media-day.html,カワイ「自分が騒動の種になっていた」—— ラプターズ加入後初のメディアデーで、調査には触れず前進を選ぶ | 610バスケットボールジャーナル,2,2
/journal/326-jordan-jersey-record-auction.html,ジョーダンの「ラストダンス」第3戦ジャージが1226万ドルで落札 —— NBAジャージ史上最高額を更新 | 610バスケットボールジャーナル,2,2
/journal/327-maxey-76ers-judged-by-winning.html,ページが見つかりません | 610 — sixten,2,2
/journal/337-donovan-mitchell-adidas-extension.html,ドノバン・ミッチェル、アディダスと複数年契約を延長 —— 10作目のシグネチャーモデルへ、現役では7人目の到達 | 610バスケットボールジャーナル,2,2
/journal/340-nurse-lebron-offense-creator.html,ページが見つかりません | 610 — sixten,2,2
/journal/342-nishida-brothers-fan-space.html,Bリーグ・西田三兄弟のファンコミュニティ「海部の三兄弟」SPACE開設 —— 徳島の旧地名に由来、三者三様のキャリアをつなぐ | 610バスケットボールジャーナル,2,2
/journal/japan/,国内バスケ（Bリーグ・日本代表）のニュース・記事一覧 | 610バスケットボールジャーナル,2,2
/privacy.html,プライバシーポリシー | 610 — sixten,2,1
/journal/001-banned-aj1.html,「禁止」が生んだ伝説 —— エア・ジョーダン1とルールの向こう側 | 610バスケットボールジャーナル,1,1
/journal/006-streetball.html,アスファルトの聖地 —— ラッカーパークとストリートの系譜 | 610バスケットボールジャーナル,1,1
/journal/018-bs-summit-second-wave.html,大濠から3人、開志国際から2人 —— BLACK SAMURAI SUMMIT 2026、招待選手第二弾と指導陣が発表 | 610バスケットボールジャーナル,1,1
/journal/042-broncos-akita-preseason.html,さいたまブロンコス vs 秋田ノーザンハピネッツ プレシーズンマッチ(8月29日・パルシー) —— 会場とオープニングイベント | 610バスケットボールジャーナル,1,1
/journal/055-rimtown-basketball-school.html,在籍200名突破 —— バスケットボールスクール「Rimtown」、元Bリーガー・齊藤洋介が指導 | 610バスケットボールジャーナル,1,1
/journal/057-converse-2faced.html,隠れた名作「COURT STAR」が令和に蘇る —— コンバース「2FACED」9月11日先行発売 | 610バスケットボールジャーナル,1,1
/journal/065-uenohara-sunrise-jumpshot3x3.html,世界一に続き、国際舞台で準優勝 —— 上野原サンライズ女子、シンガポール「Jumpshot 3x3」で1st Runner Up | 610バスケットボールジャーナル,1,1
/journal/081-magic-2026-27-season-preview.html,新HCスウィーニーで巻き返しなるか —— ESPN、オーランド・マジックの2026-27シーズンを展望 | 610バスケットボールジャーナル,1,1
/journal/101-nike-book-2-halloween.html,Nike Book 2に新色「Halloween」—— ブッカー恒例のハロウィン企画、今年はオオギー・ブギーがテーマに | 610バスケットボールジャーナル,1,1
/journal/109-tokyo-z-avantgardey.html,アースフレンズ東京Z、ホーム開幕戦にダンスチーム「アバンギャルディ」出演 —— 9月26日、対立川ダイス | 610バスケットボールジャーナル,1,1
/journal/110-anta-kai-3-alchemist.html,ANTA KAI 3「Alchemist」が9月12日発売 —— カイリー・アービングの哲学を映した新色 | 610バスケットボールジャーナル,1,1
/journal/111-nba-2026-27-tier-preview.html,ニックス・サンダー・スパーズが最上位 —— ESPN、NBA全30チームを2026-27シーズン開幕前に8段階格付け | 610バスケットボールジャーナル,1,1
/journal/112-cavaliers-2026-27-preview.html,キャバリアーズ2026-27プレビュー —— ESPNがオフシーズンを「B」評価、鍵はハーデンとタイソン | 610バスケットボールジャーナル,1,1
/journal/114-jordan-tatum-5.html,ジョーダン ブランド「テイタム5」発表 —— 復帰のジェイソン・テイタム、雑音を遮断する哲学を体現 | 610バスケットボールジャーナル,1,1
/journal/125-pacers-2026-27-preview.html,ペイサーズ2026-27プレビュー —— ハリバートン復帰、ESPNは「B−」評価でズバッチ加入を評価 | 610バスケットボールジャーナル,1,1
/journal/126-adidas-anthony-edwards-3-snow-camo.html,adidas Anthony Edwards 3「Snow Camo」が10月9日発売 —— ミネソタの冬をイメージしたグレー×ホワイト新色 | 610バスケットボールジャーナル,1,1
/journal/139-ua-fox-3.html,アンダーアーマー「フォックス3」が9月18日発売 —— ディアロン・フォックスの第3弾シグネチャー | 610バスケットボールジャーナル,1,1
/journal/147-patty-mills-profile.html,パティ・ミルズの経歴・プレースタイル・現在の所属 —— オーストラリア代表、スパーズ優勝からASVELまで | 610バスケットボールジャーナル,1,1
/journal/148-rucker-park-new-york-guide.html,ラッカーパーク（ニューヨーク）ガイド —— 場所・行き方・歴史・プレーした有名選手まとめ | 610バスケットボールジャーナル,1,1
/journal/152-nba-cup-guide.html,NBAカップとは？ —— 仕組み・賞金・歴代優勝・2026年大会の日程まとめ | 610バスケットボールジャーナル,1,1
/journal/155-kobe-3-protro-orca.html,Nike Kobe 3 Protro「Orca」が9月26日発売 —— 2007年オリジナルのハイトップ形状で復刻 | 610バスケットボールジャーナル,1,1
/journal/156-adidas-superstar-cold-blooded.html,adidas Superstar「Cold Blooded」が9月18日発売 —— アンソニー・エドワーズのシグネチャー展開拡大 | 610バスケットボールジャーナル,1,1
/journal/162-air-jordan-1-low-halloween.html,漆黒にScream Greenの縁取り —— Air Jordan 1 Low「Halloween」、蓄光アウトソールでFall 2026発売 | 610バスケットボールジャーナル,1,1
/journal/165-celtics-offseason-tatum-return.html,セルティックス、ブラウン放出でジョージ獲得 —— 復活のテイタムに懸かる2026-27シーズン | 610バスケットボールジャーナル,1,1
/journal/167-number-plus-bleague-guidebook.html,Number PLUS「B.LEAGUE 2026-27 公式ガイドブック」9月16日発売 —— 表紙は富永啓生・齋藤拓実・馬場雄大の3選手 | 610バスケットボールジャーナル,1,1
/journal/168-kobe-8-protro-mambacurial.html,コービー8 プロトロに新色「Mambacurial」—— サッカースパイク由来のグラデーションで復活 | 610バスケットボールジャーナル,1,1
/journal/180-garmin-yokohama-bcorsairs-partnership.html,Garmin、横浜ビー・コルセアーズとオフィシャルパートナー契約 —— ウェアラブル端末でコンディション管理を支援 | 610バスケットボールジャーナル,1,1
/journal/184-japan-women-hkg-asian-games.html,女子日本代表、アジア大会初戦でホンコン・チャイナに114-37の大勝 —— 舘山萌菜が26得点、グループ2戦目はカザフスタンと対戦 | 610バスケットボールジャーナル,1,1
/journal/194-knicks-2026-27-season-preview.html,ニックス連覇なるか —— ESPNが2026-27シーズンプレビュー、タウンズの契約と故障リスクが焦点 | 610バスケットボールジャーナル,1,1
/journal/195-yachiyo-flags-parachallenge-3x3.html,「もっとやりたい！」障害のある参加者とプロ選手が3×3で交流 —— NPO法人おりがみ×石井食品、八千代フラッグスと「ぷちパラ旅」開催 | 610バスケットボールジャーナル,1,1
/journal/201-cam-whitmore-nuggets-two-way.html,ナゲッツ、カム・ウィットモアとツーウェイ契約に合意 —— 2023年ドラフト1巡目指名、NBA4年目でロースター争いへ | 610バスケットボールジャーナル,1,1
/journal/202-pelle-larson-heat-extension.html,マイアミ・ヒート、ペレ・ラーソンと4年6000万ドルの契約延長に合意 —— 2030-31シーズンに相互オプション付き | 610バスケットボールジャーナル,1,1
/journal/207-japan-korea-asian-games-final.html,男子日本代表、アジア大会決勝で韓国に57-67で敗れる —— 64年ぶりの銀メダル獲得、金近が13得点 | 610バスケットボールジャーナル,1,1
/journal/208-nike-kobe-8-protro-shanghai-fireworks.html,Nike Kobe 8 Protro「Shanghai Fireworks」が2026年11月11日発売予定 —— 2013年の中国限定カラーが復活、価格200ドル | 610バスケットボールジャーナル,1,1
/journal/218-nike-air-force-1-low-gold-charms.html,Nike Air Force 1 Low「Gold Charms」発表 —— スネークスキンのスウッシュに取り外し可能なゴールドチャーム、価格125ドル | 610バスケットボールジャーナル,1,1
/journal/219-japan-women-philippines-asian-games.html,女子日本代表、アジア大会でフィリピンに89-67で快勝 —— 岡本美優が19得点、3戦全勝でグループB首位通過 | 610バスケットボールジャーナル,1,1
/journal/221-nike-air-force-1-low-jewel-indiana-fever.html,Nike Air Force 1 Low「Jewel」発表 —— インディアナ・フィーバーのチームカラーを纏った特別仕様、品番IR5099-400 | 610バスケットボールジャーナル,1,1
/journal/225-rockets-vanvleet-return-preview.html,ロケッツ、ヴァンヴリート完全復帰で新シーズン始動 —— ウドカHC「本物の旋風を起こす」 | 610バスケットボールジャーナル,1,1
/journal/253-lebron-76ers-decision-maxey-embiid.html,「エンビードに、その初優勝を」—— レブロン・ジェームズ、76ers移籍の理由を語る マクシーとの友情も後押しに | 610バスケットボールジャーナル,1,1
/journal/254-japan-women-taipei-asian-games-sf.html,女子日本代表、アジア大会準決勝でチャイニーズ・タイペイに80-52で快勝 —— 決勝は韓国と対戦、28年ぶり金メダルを懸ける | 610バスケットボールジャーナル,1,1
/journal/261-warriors-curry-extension.html,カリー、ウォリアーズと2年1億1600万ドルの契約延長に合意 —— 最大契約より2000万ドル減額、2028-29はプレーヤーオプション | 610バスケットボールジャーナル,1,1
/journal/272-lebron-envisioned-knicks.html,レブロン、ニックス入りを思い描いていた —— 優勝後に「無理だ」と断念、76ers移籍決断の裏側 | 610バスケットボールジャーナル,1,1
/journal/283-brandon-miller-hornets-camp-ready.html,ページが見つかりません | 610 — sixten,1,1
/journal/287-duren-pistons-langdon-gm.html,ピストンズのラングドンGM「デューレンとは夏、一度も話していない」—— 5年2億ドルかQOか、10月1日の決断迫る | 610バスケットボールジャーナル,1,1
/journal/292-thunder-daigneault-spurs-media-day.html,ページが見つかりません | 610 — sixten,1,1
/journal/293-sga-third-mvp-thunder.html,ギルジャス＝アレクサンダー「MVPの答えは82試合先」—— 3年連続なら1986年のバード以来、サンダーのメディアデーで淡々 | 610バスケットボールジャーナル,1,1
/journal/293-sga-third-mvp-thunder.html,ページが見つかりません | 610 — sixten,1,1
/journal/295-76ers-sacrifice-media-day.html,ページが見つかりません | 610 — sixten,1,1
/journal/297-pistons-bickerstaff-cunningham-better.html,カニングハムに「もっと良いバージョン」—— ピストンズHC保証、専用シグネチャーシューズも始動へ | 610バスケットボールジャーナル,1,1
/journal/298-sga-vaa-air-force-1-low.html,ギルジャス＝アレクサンダー、未発売「V.A.A. x Nike Air Force 1 Low」をメディアデーで —— コンバースからの移籍後、鮮烈なオレンジ | 610バスケットボールジャーナル,1,1
/journal/301-edwards-cede-pg-duties-lamelo-ball.html,アンソニー・エドワーズ「もう1人で運ばなくていい」—— ボール加入でSG回帰、守備に集中する新シーズンへ | 610バスケットボールジャーナル,1,1
/journal/302-jimmy-butler-acl-rehab-ahead.html,バトラー「僕の数値は驚異的」—— ACL手術から8カ月、ウォリアーズのメディアデーで回復に自信 | 610バスケットボールジャーナル,1,1
/journal/304-zion-williamson-not-where-i-want-to-be.html,ザイオン・ウィリアムソン「まだそこには届いていない」—— 8年目の減量成功、ペリカンズは契約延長より再建優先で一致 | 610バスケットボールジャーナル,1,1
/journal/305-tatum-comfortable-leading-celtics-post-brown-trade.html,テイタム「とても心地いい」—— ブラウン放出後の新生セルティックス、10年目でリーダーシップ引き受け | 610バスケットボールジャーナル,1,1
/journal/306-embiid-76ers-extremely-excited.html,エンビード「このチームには本気で興奮している」—— レブロン加入の76ers、正しい組み合わせに手応え | 610バスケットボールジャーナル,1,1
/journal/323-uniqlo-jwbf-partnership.html,ユニクロ、日本車いすバスケットボール連盟とパートナーシップ契約 —— 国枝慎吾氏の縁で日本代表・次世代チームにLifeWearを提供 | 610バスケットボールジャーナル,1,1
/journal/327-maxey-76ers-judged-by-winning.html,マクシー「勝つことで判断されたい」—— 76ersキャンプ2日目、キャリアハイ翌季も個人成績にこだわらず | 610バスケットボールジャーナル,1,1
/journal/328-towns-knicks-pay-cut-andrews.html,"タウンズ、契約延長で""減俸""は受け入れる構え —— ニックスの提示額は「妥当ではない」とアンドリュース記者 | 610バスケットボールジャーナル",1,1
/journal/329-ryan-nembhard-nuggets-two-way.html,ページが見つかりません | 610 — sixten,1,1
/journal/336-jamal-shead-raptors-extension.html,ページが見つかりません | 610 — sixten,1,1
/journal/337-donovan-mitchell-adidas-extension.html,ページが見つかりません | 610 — sixten,1,1
/journal/339-wembanyama-betting-sites.html,ウェンバンヤマ「絶対にやらない」—— ベッティングサイトの宣伝は拒否、「良い形で人を鼓舞したい」 | 610バスケットボールジャーナル,1,1
/journal/346-nike-kobe-ad-protro-laser-orange.html,Nike Kobe AD Protro「Laser Orange」が始動 —— 品番IO8233-800の新色先行カット | 610バスケットボールジャーナル,1,1
/journal/japan/240-japan-women-thailand-asian-games-qf.html,ページが見つかりません | 610 — sixten,1,1
/media/postup.html,POST UP PODCAST（ポストアップ）｜バスケにルーツを持つ人たちのトーク番組 | 610 — sixten,1,1
