検索キーワード,クリック,表示回数,CTR,掲載順位
カリー 契約,2,12,0.1667,8.8
ペイロールカップ,2,86,0.0233,8.8
"anta kai 3 ""alchemist""",1,3,0.3333,4.3
iq5494-001,1,1,1,4
iv4884-200,1,8,0.125,5.6
ja4 新色,1,15,0.0667,5.9
nike ja 4 phantom,1,2,0.5,2.5
nike lebron witness 10,1,4,0.25,5.8
sabrina 4 the switch,1,1,1,3
starting5ive,1,3,0.3333,5
tatum5,1,2,0.5,6
コンバース 2faced,1,4,0.25,19.5
ジョーダンホーキンス,1,32,0.0312,8.0
テイタム５,1,6,0.1667,10
マイケル スウィート ニー,1,2,0.5,4
マイケルスウィートニー,1,2,0.5,3.5
ラッカーパーク,1,29,0.0345,8.5
ロケッツ,1,1,1,12
濱田誉,1,5,0.2,4.6
都築政憲,1,2,0.5,19
2faced le low,0,3,0,18.7
2faced low,0,5,0,14.2
2faced mid,0,2,0,9.5
2faced コンバース,0,3,0,20.3
2フェイスド コンバース,0,1,0,11
361° 契約選手,0,4,0,9.2
air force 1 rat,0,1,0,1
air jordan 1 garden,0,1,0,12
air jordan 1 last dance,0,1,0,9
air jordan 1 royal 2026,0,2,0,16.5
air jordan 12 retro idols become rivals,0,1,0,11
air jordan garden,0,1,0,17
air jordan low last dance,0,2,0,8
basketball zine,0,1,0,22
bリーグ プレミア,0,1,0,88
bリーグ プレミアとは,0,3,0,8.3
bリーグ 配信,0,1,0,106
bリーグプレミアとは,0,3,0,10
converse 2faced,0,4,0,26.2
espn top 100 players,0,1,0,3
his bリーグ,0,1,0,26
https//www.espn.com/nba/story/_/id/49854792/milwaukee-bucks-offseason-recap-2026-27-season-preview-stats-roster-depth-chart,0,25,0,4.1
hv5953-200,0,1,0,6
iq5708-001,0,1,0,56
ir0088-001,0,1,0,50
iw2872-700,0,6,0,6.8
j balvin lemonade,0,1,0,5
ja4 phantom,0,2,0,6.5
ja4 白,0,3,0,11
jordan 1 last dance,0,1,0,10
jordan 12 idols become rivals,0,2,0,6
jordan low last dance,0,3,0,10.3
kobe 3 low protro orca,0,1,0,15
kobe 3 protro black and white,0,5,0,5.2
lebron witness 10,0,2,0,5
nba cup,0,1,0,5
nba cup 2026,0,2,0,8.5
nba fa トレード -野球,0,7,0,8.6
nba top 100 2026,0,1,0,2
nba カップ,0,1,0,7
nba 得点王 2026,0,1,0,12
nba 配信 26-27,0,1,0,10
nbaのトンプソン兄弟が結んだ史上初の巨額延長契約のニュースについて詳しく教えて,0,1,0,9
nbaカップ,0,14,0,8.2
nbaカップ 2026,0,2,0,11.5
nbaカップ2026,0,1,0,10
nbaカップとは,0,2,0,24
nbaスウィート,0,1,0,9
nike kd6 psg,0,1,0,4
nike kobe 3 protro “orca,0,1,0,1
nike kobe 8 mambacurial,0,1,0,12
nike kobe 8 shanghai fireworks,0,2,0,9
nike witness 10,0,2,0,5
shanghai fireworks kobe,0,1,0,4
starting 5ive,0,1,0,6
witness 10,0,1,0,8
wnba コミッショナー,0,5,0,5
きえた？,0,1,0,1
アジア 大会 バスケ 女子 結果,0,1,0,15
アジア大会 バスケ女子 速報,0,1,0,1
アメントンプソン,0,1,0,31
アメン・トンプソン,0,2,0,19
アルバルク対琉球,0,1,0,70
アンダー アーマー フォックス 3,0,1,0,11
アンダーアーマー fox3,0,4,0,7.8
アンダーアーマー フォックス3,0,5,0,11
エネオス バスケ 女子,0,1,0,62
エネオスバスケ女子,0,1,0,57
カイリー アービング 現在,0,1,0,1
カイリーアービング,0,3,0,12
カイリーアービング 復帰,0,2,0,8
カイリーアービング 怪我,0,1,0,10
カイリーアービング 現在,0,1,0,7
カイリーアービング現在,0,1,0,1
カイリー・アービング,0,1,0,10
カイリー復帰,0,1,0,9
カリー契約,0,3,0,9
カワイレナード トレード,0,1,0,48
キャシー・エンゲルバート,0,13,0,5.8
クリス バスケ日記,0,2,0,10
