ページ,クリック,表示回数,CTR,掲載順位
https://sixten.jp/journal/214-nike-ja-4-phantom.html,13,227,0.0573,5.6
https://sixten.jp/journal/143-nba-2026-27-how-to-watch-japan.html,11,134,0.0821,7.4
https://sixten.jp/journal/043-payrollcup-4th-wheelchair.html,10,162,0.0617,7.5
https://sixten.jp/,8,22,0.3636,3.8
https://sixten.jp/journal/222-nike-lebron-witness-10.html,8,31,0.2581,5
https://sixten.jp/journal/097-76ers-flyers-new-arena.html,5,29,0.1724,2.9
https://sixten.jp/journal/321-nba-push-off-officiating.html,5,10,0.5,2.4
https://sixten.jp/journal/076-kings-u15-okinawa-qualifier.html,4,45,0.0889,9.0
https://sixten.jp/journal/146-payroll-cup-wheelchair-basketball.html,4,30,0.1333,5.8
https://sixten.jp/journal/145-jordan-tatum-signature-series.html,3,111,0.027,9.4
https://sixten.jp/journal/166-konchar-knicks-one-year-deal.html,3,5,0.6,5
https://sixten.jp/journal/186-michael-sweetney-dies.html,3,42,0.0714,7.4
https://sixten.jp/journal/188-onecareer-alvark-partnership.html,3,28,0.1071,4.6
https://sixten.jp/journal/230-curry-contract-no-drama.html,3,80,0.0375,7.2
https://sixten.jp/journal/269-kobe-10-protro-blue-lagoon.html,3,30,0.1,4.3
https://sixten.jp/media/chris-basketball-diary.html,3,127,0.0236,8.7
https://sixten.jp/media/starting5ive.html,3,24,0.125,6
https://sixten.jp/journal/006-streetball.html,2,64,0.0312,8.8
https://sixten.jp/journal/035-fukuyama-denix-homegame.html,2,90,0.0222,6.9
https://sixten.jp/journal/037-haruyoshi-yanagigaura.html,2,8,0.25,4.5
https://sixten.jp/journal/057-converse-2faced.html,2,67,0.0299,13.6
https://sixten.jp/journal/070-beril-yokohama-excellence.html,2,14,0.1429,5.7
https://sixten.jp/journal/073-mills-parker-asvel.html,2,14,0.1429,8.1
https://sixten.jp/journal/099-pelicans-grizzlies-hawkins-trade.html,2,50,0.04,7.1
https://sixten.jp/journal/105-lakers-phil-jackson-statue.html,2,15,0.1333,8.6
https://sixten.jp/journal/121-jordan-tatum-5-sunrise.html,2,42,0.0476,8.7
https://sixten.jp/journal/179-kobe-3-protro-black-white.html,2,35,0.0571,6.2
https://sixten.jp/journal/209-nike-air-force-1-low-nyc-rat.html,2,17,0.1176,4.5
https://sixten.jp/journal/220-espn-nba-rank-2026.html,2,22,0.0909,7.2
https://sixten.jp/journal/226-clippers-redden-interim-president.html,2,17,0.1176,3.1
https://sixten.jp/journal/260-kyrie-irving-acl-recovery-no-restrictions.html,2,46,0.0435,5.0
https://sixten.jp/journal/282-nba-media-day-2026-quotes-roundup.html,2,22,0.0909,6.0
https://sixten.jp/journal/309-air-jordan-4-j-balvin-amazonas.html,2,39,0.0513,5.3
https://sixten.jp/journal/index.html?cat=KICKS,2,5,0.4,8.6
https://sixten.jp/journal/033-klay-thompson-heat.html,1,4,0.25,19.5
https://sixten.jp/journal/042-broncos-akita-preseason.html,1,5,0.2,5
https://sixten.jp/journal/050-hokurikugakuin-komatsuwall.html,1,4,0.25,6
https://sixten.jp/journal/053-yoneda-u18-tryout.html,1,15,0.0667,6.3
https://sixten.jp/journal/061-hamada-sakai-ambassador.html,1,21,0.0476,7.4
https://sixten.jp/journal/069-meitetsu-fe-nagoya-court.html,1,21,0.0476,6.4
https://sixten.jp/journal/085-nike-sabrina-4-the-switch.html,1,3,0.3333,4.3
https://sixten.jp/journal/094-kuas-kyoto-hannaryz.html,1,5,0.2,8.8
https://sixten.jp/journal/095-bulls-2026-27-season-preview.html,1,9,0.1111,4.6
https://sixten.jp/journal/096-nba-injury-returns-2026-27.html,1,9,0.1111,9.1
https://sixten.jp/journal/101-nike-book-2-halloween.html,1,29,0.0345,5.3
https://sixten.jp/journal/109-tokyo-z-avantgardey.html,1,33,0.0303,7.4
https://sixten.jp/journal/110-anta-kai-3-alchemist.html,1,19,0.0526,7
https://sixten.jp/journal/111-nba-2026-27-tier-preview.html,1,5,0.2,4.8
https://sixten.jp/journal/114-jordan-tatum-5.html,1,52,0.0192,10.4
https://sixten.jp/journal/125-pacers-2026-27-preview.html,1,5,0.2,6.6
https://sixten.jp/journal/151-bleague-premier-guide.html,1,130,0.0077,8.4
https://sixten.jp/journal/162-air-jordan-1-low-halloween.html,1,7,0.1429,6
https://sixten.jp/journal/168-kobe-8-protro-mambacurial.html,1,27,0.037,7.4
https://sixten.jp/journal/170-nets-2026-27-preview.html,1,2,0.5,3
https://sixten.jp/journal/180-garmin-yokohama-bcorsairs-partnership.html,1,22,0.0455,8.4
https://sixten.jp/journal/194-knicks-2026-27-season-preview.html,1,4,0.25,5
https://sixten.jp/journal/195-yachiyo-flags-parachallenge-3x3.html,1,5,0.2,11.2
https://sixten.jp/journal/208-nike-kobe-8-protro-shanghai-fireworks.html,1,24,0.0417,6.2
https://sixten.jp/journal/219-japan-women-philippines-asian-games.html,1,35,0.0286,8.9
https://sixten.jp/journal/225-rockets-vanvleet-return-preview.html,1,1,1,12
https://sixten.jp/journal/237-lawrence-tanter-lakers-pa-dies.html,1,11,0.0909,3.2
https://sixten.jp/journal/251-tryhoop-okayama-kimochiru-mvp.html,1,8,0.125,4.5
https://sixten.jp/journal/257-grizzlies-waive-dangelo-russell.html?utm_source=threads,1,6,0.1667,3.7
https://sixten.jp/journal/271-kawhi-leonard-focused-raptors.html,1,7,0.1429,6.4
https://sixten.jp/journal/304-zion-williamson-not-where-i-want-to-be.html,1,75,0.0133,8.4
https://sixten.jp/journal/310-ss-andteras-partnership.html,1,6,0.1667,5.7
https://sixten.jp/journal/316-brandon-ingram-achilles-clippers.html,1,12,0.0833,3.7
https://sixten.jp/journal/332-air-jordan-4-amazonas-j-balvin.html,1,17,0.0588,4.2
https://sixten.jp/journal/index.html?cat=CULTURE,1,2,0.5,3.5
https://sixten.jp/index.html,0,1,0,3
https://sixten.jp/journal/,0,13,0,6.2
https://sixten.jp/journal/001-banned-aj1.html,0,31,0,8.3
https://sixten.jp/journal/002-iverson.html,0,5,0,16
https://sixten.jp/journal/003-signature-shoes.html,0,3,0,4.3
https://sixten.jp/journal/005-small-guards.html,0,2,0,5.5
https://sixten.jp/journal/007-osakabe-donation.html,0,2,0,28.5
https://sixten.jp/journal/010-abema-saudi.html,0,5,0,5
https://sixten.jp/journal/013-bs-summit-3players.html,0,1,0,20
https://sixten.jp/journal/014-oikos-gold-partner.html,0,6,0,11
https://sixten.jp/journal/015-tabuse-hachimura-sasaki-talk.html,0,1,0,11
https://sixten.jp/journal/016-kobe-camp-storks.html,0,1,0,30
https://sixten.jp/journal/017-canon-mj-bs2026.html,0,1,0,10
https://sixten.jp/journal/018-bs-summit-second-wave.html,0,1,0,3
https://sixten.jp/journal/020-bandai-namco-arena-matsue.html,0,20,0,8.5
https://sixten.jp/journal/021-westbrook-retires.html,0,1,0,10
https://sixten.jp/journal/022-hachimura-clippers.html,0,2,0,7
https://sixten.jp/journal/023-watford-pelicans.html,0,1,0,11
https://sixten.jp/journal/026-watson-cavaliers.html,0,1,0,9
https://sixten.jp/journal/029-agest-tubc-partner.html,0,1,0,1
https://sixten.jp/journal/031-sportsnavi-u18-league.html,0,1,0,2
https://sixten.jp/journal/032-timberwolves-lynx-stad.html,0,2,0,8.5
https://sixten.jp/journal/034-derozan-nuggets.html,0,1,0,26
https://sixten.jp/journal/036-anker-nagasaki-velca.html,0,15,0,9.1
https://sixten.jp/journal/038-jue-jones-cup-wkbl.html,0,3,0,10
https://sixten.jp/journal/047-kuminga-timberwolves.html,0,4,0,8.5
https://sixten.jp/journal/048-fujita-japan-coach.html,0,3,0,23.3
https://sixten.jp/journal/049-yoshii-japan-roster.html,0,2,0,4.5
https://sixten.jp/journal/051-nakamura-asano-jonescup.html,0,1,0,4
https://sixten.jp/journal/054-crane-thunders-afterschool.html,0,2,0,49
https://sixten.jp/journal/055-rimtown-basketball-school.html,0,3,0,7.7
