月,検索キーワード,クリック,表示回数,CTR,掲載順位
2026-08,anker ヴェルカ,0,1,0,11
2026-08,nba,0,1,0,1
2026-08,ykkap アリーナ 八村,0,1,0,70
2026-08,クリスのバスケ日記,0,1,0,10
2026-08,クリスのバスケ日記 高校,0,1,0,46
2026-08,トレンドンワトフォード,0,1,0,2
2026-08,バス家 レイカーズ,0,1,0,17
2026-08,ラッセル ウェスト ブルック,0,2,0,48.5
2026-08,レイカーズ バス家,0,2,0,14.5
2026-08,ヴェルカ アンカー,0,1,0,22
2026-08,八村塁 黒部,0,1,0,32
2026-08,八村塁富山イベント,0,1,0,72
2026-09,カリー 契約,2,12,0.1667,8.8
2026-09,ペイロールカップ,2,86,0.0233,8.8
2026-09,"anta kai 3 ""alchemist""",1,4,0.25,4.2
2026-09,iq5494-001,1,1,1,4
2026-09,iv4884-200,1,8,0.125,5.6
2026-09,ja4 新色,1,16,0.0625,5.7
2026-09,nike ja 4 phantom,1,2,0.5,2.5
2026-09,nike lebron witness 10,1,4,0.25,5.8
2026-09,sabrina 4 the switch,1,1,1,3
2026-09,starting5ive,1,3,0.3333,5
2026-09,tatum5,1,2,0.5,6
2026-09,コンバース 2faced,1,4,0.25,19.5
2026-09,ジョーダンホーキンス,1,32,0.0312,8.0
2026-09,テイタム５,1,6,0.1667,10
2026-09,マイケル スウィート ニー,1,2,0.5,4
2026-09,マイケルスウィートニー,1,2,0.5,3.5
2026-09,ラッカーパーク,1,29,0.0345,8.5
2026-09,ロケッツ,1,1,1,12
2026-09,濱田誉,1,5,0.2,4.6
2026-09,都築政憲,1,2,0.5,19
2026-09,2faced le low,0,3,0,18.7
2026-09,2faced low,0,5,0,14.2
2026-09,2faced mid,0,2,0,9.5
2026-09,2faced コンバース,0,3,0,20.3
2026-09,2フェイスド コンバース,0,1,0,11
2026-09,361° 契約選手,0,4,0,9.2
2026-09,air force 1 rat,0,1,0,1
2026-09,air jordan 1 garden,0,1,0,12
2026-09,air jordan 1 last dance,0,1,0,9
2026-09,air jordan 1 royal 2026,0,2,0,16.5
2026-09,air jordan 12 retro idols become rivals,0,1,0,11
2026-09,air jordan garden,0,1,0,17
2026-09,air jordan low last dance,0,2,0,8
2026-09,basketball zine,0,1,0,22
2026-09,bリーグ プレミア,0,1,0,88
2026-09,bリーグ プレミアとは,0,3,0,8.3
2026-09,bリーグ 配信,0,1,0,106
2026-09,bリーグプレミアとは,0,3,0,10
2026-09,clippers gm,0,1,0,2
2026-09,converse 2faced,0,4,0,26.2
2026-09,espn top 100 players,0,1,0,3
2026-09,his bリーグ,0,1,0,26
2026-09,https//www.espn.com/nba/story/_/id/49854792/milwaukee-bucks-offseason-recap-2026-27-season-preview-stats-roster-depth-chart,0,25,0,4.1
2026-09,hv5953-200,0,1,0,6
2026-09,im4135-100,0,1,0,2
2026-09,iq5708-001,0,1,0,56
2026-09,ir0088-001,0,1,0,50
2026-09,iw2872-700,0,6,0,6.8
2026-09,j balvin lemonade,0,1,0,5
2026-09,ja4 phantom,0,2,0,6.5
