月,ページ,クリック,表示回数,CTR,掲載順位
2026-08,https://sixten.jp/,2,5,0.4,3.6
2026-08,https://sixten.jp/journal/038-jue-jones-cup-wkbl.html,1,2,0.5,10.5
2026-08,https://sixten.jp/journal/043-payrollcup-4th-wheelchair.html,1,14,0.0714,5.9
2026-08,https://sixten.jp/journal/050-hokurikugakuin-komatsuwall.html,1,15,0.0667,5.2
2026-08,https://sixten.jp/journal/index.html?cat=REPORT,1,3,0.3333,1
2026-08,https://sixten.jp/media/chris-basketball-diary.html,1,6,0.1667,14.5
2026-08,https://sixten.jp/journal/,0,3,0,6.7
2026-08,https://sixten.jp/journal/019-toyama-kurobe-hachimura.html,0,14,0,19.7
2026-08,https://sixten.jp/journal/021-westbrook-retires.html,0,3,0,35.7
2026-08,https://sixten.jp/journal/023-watford-pelicans.html,0,5,0,6.8
2026-08,https://sixten.jp/journal/024-highsmith-suns.html,0,10,0,2.6
2026-08,https://sixten.jp/journal/025-lakers-buss-family-sale.html,0,9,0,10.7
2026-08,https://sixten.jp/journal/026-watson-cavaliers.html,0,1,0,9
2026-08,https://sixten.jp/journal/027-converse-accelerator.html,0,3,0,15.7
2026-08,https://sixten.jp/journal/028-harden-cavaliers.html,0,1,0,9
2026-08,https://sixten.jp/journal/036-anker-nagasaki-velca.html,0,3,0,13.7
2026-08,https://sixten.jp/journal/037-haruyoshi-yanagigaura.html,0,6,0,4.8
2026-08,https://sixten.jp/journal/039-sharpe-injury.html,0,1,0,8
2026-08,https://sixten.jp/journal/040-williams-warriors.html,0,11,0,4.1
2026-08,https://sixten.jp/journal/041-niang-warriors.html,0,14,0,8.1
2026-08,https://sixten.jp/journal/042-broncos-akita-preseason.html,0,16,0,8.2
2026-08,https://sixten.jp/journal/046-mathurin-pelicans.html,0,9,0,7.6
2026-08,https://sixten.jp/journal/047-kuminga-timberwolves.html,0,1,0,5
2026-08,https://sixten.jp/journal/048-fujita-japan-coach.html,0,2,0,9
2026-08,https://sixten.jp/journal/049-yoshii-japan-roster.html,0,1,0,3
2026-08,https://sixten.jp/journal/051-nakamura-asano-jonescup.html,0,4,0,6
2026-08,https://sixten.jp/journal/052-lowry-raptors-retired-number.html,0,5,0,8.2
2026-08,https://sixten.jp/journal/053-yoneda-u18-tryout.html,0,15,0,8.1
2026-08,https://sixten.jp/journal/index.html?cat=KICKS,0,3,0,3
2026-09,https://sixten.jp/journal/214-nike-ja-4-phantom.html,12,161,0.0745,5.1
2026-09,https://sixten.jp/journal/043-payrollcup-4th-wheelchair.html,11,167,0.0659,7.5
2026-09,https://sixten.jp/journal/143-nba-2026-27-how-to-watch-japan.html,10,101,0.099,7.1
2026-09,https://sixten.jp/,7,17,0.4118,3.6
2026-09,https://sixten.jp/journal/222-nike-lebron-witness-10.html,7,22,0.3182,4.7
2026-09,https://sixten.jp/journal/097-76ers-flyers-new-arena.html,5,29,0.1724,2.9
2026-09,https://sixten.jp/journal/076-kings-u15-okinawa-qualifier.html,4,45,0.0889,9.0
2026-09,https://sixten.jp/journal/146-payroll-cup-wheelchair-basketball.html,4,29,0.1379,5.7
2026-09,https://sixten.jp/journal/166-konchar-knicks-one-year-deal.html,3,5,0.6,5
2026-09,https://sixten.jp/journal/186-michael-sweetney-dies.html,3,42,0.0714,7.4
2026-09,https://sixten.jp/journal/188-onecareer-alvark-partnership.html,3,26,0.1154,4.3
2026-09,https://sixten.jp/journal/230-curry-contract-no-drama.html,3,80,0.0375,7.2
2026-09,https://sixten.jp/media/chris-basketball-diary.html,3,99,0.0303,8.4
2026-09,https://sixten.jp/journal/006-streetball.html,2,64,0.0312,8.8
2026-09,https://sixten.jp/journal/035-fukuyama-denix-homegame.html,2,90,0.0222,6.9
2026-09,https://sixten.jp/journal/037-haruyoshi-yanagigaura.html,2,13,0.1538,5
2026-09,https://sixten.jp/journal/050-hokurikugakuin-komatsuwall.html,2,6,0.3333,6
2026-09,https://sixten.jp/journal/057-converse-2faced.html,2,91,0.022,12.9
2026-09,https://sixten.jp/journal/061-hamada-sakai-ambassador.html,2,26,0.0769,6.7
2026-09,https://sixten.jp/journal/070-beril-yokohama-excellence.html,2,14,0.1429,5.7
2026-09,https://sixten.jp/journal/073-mills-parker-asvel.html,2,14,0.1429,8.1
2026-09,https://sixten.jp/journal/099-pelicans-grizzlies-hawkins-trade.html,2,50,0.04,7.1
2026-09,https://sixten.jp/journal/105-lakers-phil-jackson-statue.html,2,14,0.1429,8.5
2026-09,https://sixten.jp/journal/121-jordan-tatum-5-sunrise.html,2,40,0.05,8.8
2026-09,https://sixten.jp/journal/145-jordan-tatum-signature-series.html,2,107,0.0187,9.4
2026-09,https://sixten.jp/journal/179-kobe-3-protro-black-white.html,2,33,0.0606,6.2
2026-09,https://sixten.jp/journal/209-nike-air-force-1-low-nyc-rat.html,2,17,0.1176,4.5
2026-09,https://sixten.jp/journal/220-espn-nba-rank-2026.html,2,22,0.0909,7.2
2026-09,https://sixten.jp/journal/index.html?cat=KICKS,2,4,0.5,3.2
2026-09,https://sixten.jp/journal/033-klay-thompson-heat.html,1,4,0.25,19.5
2026-09,https://sixten.jp/journal/042-broncos-akita-preseason.html,1,6,0.1667,5.3
2026-09,https://sixten.jp/journal/053-yoneda-u18-tryout.html,1,26,0.0385,6.6
2026-09,https://sixten.jp/journal/062-zamst-kawamura-sponsorship.html,1,7,0.1429,11.6
2026-09,https://sixten.jp/journal/064-unext-bleague-streaming.html,1,23,0.0435,14.4
2026-09,https://sixten.jp/journal/069-meitetsu-fe-nagoya-court.html,1,22,0.0455,6.3
2026-09,https://sixten.jp/journal/085-nike-sabrina-4-the-switch.html,1,3,0.3333,4.3
2026-09,https://sixten.jp/journal/094-kuas-kyoto-hannaryz.html,1,5,0.2,8.8
2026-09,https://sixten.jp/journal/095-bulls-2026-27-season-preview.html,1,7,0.1429,4.7
2026-09,https://sixten.jp/journal/096-nba-injury-returns-2026-27.html,1,9,0.1111,9.1
2026-09,https://sixten.jp/journal/101-nike-book-2-halloween.html,1,23,0.0435,5.2
2026-09,https://sixten.jp/journal/109-tokyo-z-avantgardey.html,1,32,0.0312,7.5
2026-09,https://sixten.jp/journal/110-anta-kai-3-alchemist.html,1,16,0.0625,6
2026-09,https://sixten.jp/journal/111-nba-2026-27-tier-preview.html,1,5,0.2,4.8
2026-09,https://sixten.jp/journal/114-jordan-tatum-5.html,1,51,0.0196,10.4
2026-09,https://sixten.jp/journal/125-pacers-2026-27-preview.html,1,5,0.2,6.6
2026-09,https://sixten.jp/journal/151-bleague-premier-guide.html,1,106,0.0094,8.4
2026-09,https://sixten.jp/journal/162-air-jordan-1-low-halloween.html,1,4,0.25,5.2
2026-09,https://sixten.jp/journal/168-kobe-8-protro-mambacurial.html,1,26,0.0385,7.6
2026-09,https://sixten.jp/journal/170-nets-2026-27-preview.html,1,2,0.5,3
2026-09,https://sixten.jp/journal/180-garmin-yokohama-bcorsairs-partnership.html,1,20,0.05,8.6
